{
    "Kepba": 217343.46602478344,
    "Rihv": 777216.0,
    "Karv": 150917.51712389462,
    "Durmuk": 20523.1377441029,
    "Cuxzu": 409120.78795900714,
    "Kozcuy": 182590.0,
    "Geqqo": 164248.0,
    "Duslu": 134961.0,
    "Disko": 723586.0,
    "Wajmum": 310411.3879737678
}